random	sorted	reversed

0.002614000000000005	0.0021049999999999958	0.0016689999999999969
0.005268999999999996	0.004031000000000007	0.0036780000000000007
0.008515000000000009	0.006665000000000004	0.007102999999999998
0.011359000000000008	0.00865500000000001	0.007922999999999986
0.014804999999999985	0.011147999999999991	0.01059199999999999
0.017785999999999996	0.01335900000000001	0.013053000000000009
0.026843000000000006	0.017093999999999998	0.024027999999999994
0.04876600000000003	0.019324000000000008	0.016644999999999965
0.032003000000000004	0.023565999999999976	0.021428000000000003
0.0366820000000001	0.02534599999999998	0.023640999999999912
0.03928300000000007	0.026437000000000044	0.02487000000000006
0.04251399999999994	0.028908999999999963	0.02867300000000006
0.041551000000000005	0.031364999999999976	0.030579000000000023
0.04959000000000002	0.03416600000000014	0.032399999999999984
0.05691899999999994	0.03808900000000004	0.035111000000000114
0.057023000000000046	0.041225999999999985	0.03673800000000016
0.06119300000000005	0.042305999999999955	0.0385399999999998
0.06784299999999988	0.04580300000000004	0.043406000000000056
0.06798599999999988	0.049215999999999926	0.04574400000000001
0.0718350000000001	0.052194000000000074	0.04850399999999988
0.074573	0.05687000000000042	0.05256800000000039
0.08061700000000016	0.05989700000000031	0.0861679999999998
0.111008	0.0608850000000003	0.057641000000000275
0.08799199999999985	0.06350099999999959	0.062177999999999845
0.09262599999999965	0.06548200000000026	0.06310299999999991
0.12373400000000023	0.06903399999999982	0.0677800000000004
0.09733000000000036	0.07477	0.07031100000000023
0.1067739999999997	0.07861199999999968	0.07116600000000073
0.1078739999999998	0.0801280000000002	0.07106900000000049
0.12973999999999997	0.08893599999999946	0.0934740000000005
0.14566699999999955	0.11393400000000042	0.11209900000000061
0.11409700000000011	0.08172699999999988	0.07575100000000035
0.11934100000000036	0.10961800000000022	0.07585499999999978
0.13595999999999986	0.08916799999999991	0.09228099999999984
0.12386599999999959	0.09034399999999998	0.08507399999999965
0.13641300000000012	0.10868599999999962	0.0919080000000001
0.1366480000000001	0.09651100000000046	0.09169300000000025
0.14483800000000002	0.10971499999999956	0.10418699999999959
0.15896299999999997	0.10228900000000074	0.09438699999999933
0.15153699999999937	0.11369700000000016	0.10057199999999966
0.1512949999999993	0.10824500000000015	0.10683100000000145
0.16464500000000015	0.1088710000000006	0.10524000000000022
0.1575659999999992	0.11434399999999911	0.15411899999999967
0.16443399999999997	0.11650000000000027	0.10979200000000056
0.16415899999999972	0.1197960000000009	0.11762300000000003
0.16576399999999936	0.12170399999999937	0.11663300000000021
0.2071089999999991	0.12522900000000092	0.14539399999999958
0.19357000000000113	0.1308670000000003	0.12437200000000104
0.2045110000000001	0.1311510000000009	0.14570999999999934
0.19564899999999952	0.1335639999999998	0.13705200000000062
0.1894840000000002	0.14451199999999886	0.13063400000000058
0.2099259999999994	0.14676299999999998	0.1421240000000008
0.20575799999999944	0.14077600000000068	0.13378900000000016
0.20653599999999983	0.14610500000000215	0.1367730000000016
0.20473600000000047	0.1450669999999974	0.14088800000000035
0.2113839999999989	0.15118500000000168	0.14359300000000275
0.21814000000000178	0.15394299999999816	0.17072800000000043
0.249525000000002	0.15636899999999798	0.15620999999999796
0.23551499999999947	0.16064099999999826	0.16414699999999982
0.22890899999999803	0.1813040000000008	0.21266700000000327
0.2664760000000008	0.16381000000000157	0.1714650000000013
0.25039199999999795	0.18013099999999937	0.1567539999999994
0.24848800000000182	0.17578600000000222	0.15563600000000122
0.2527709999999992	0.17483100000000107	0.15867399999999776
0.249251000000001	0.1774249999999995	0.15820000000000078
0.24923199999999923	0.1787959999999984	0.16334499999999963
0.2551000000000023	0.18392399999999753	0.16962700000000197
0.26360599999999934	0.1856800000000014	0.17090200000000166
0.27530699999999797	0.18822000000000116	0.17499899999999968
0.2911760000000001	0.19098299999999924	0.17996000000000123
0.27184700000000106	0.19833599999999763	0.19546600000000325
0.379527999999997	0.20052399999999793	0.18821200000000005
0.28002599999999944	0.2026369999999993	0.19348400000000154
0.28653199999999757	0.2084910000000022	0.1942920000000008
0.2915130000000019	0.20764899999999997	0.2022440000000003
0.307538000000001	0.21153000000000333	0.19764599999999888
0.30480999999999625	0.21617699999999473	0.2002249999999961
0.3029560000000018	0.21978200000000214	0.20168999999999926
0.3114649999999983	0.21842799999999585	0.20695600000000525
0.30220399999999614	0.22158999999999907	0.21164399999999972
0.3167180000000016	0.22381299999999982	0.2117760000000004
0.3316909999999993	0.23343400000000258	0.21386000000000394
0.34214900000000625	0.309307000000004	0.21947499999999565
0.3487819999999999	0.23646699999999754	0.22072700000000367
0.336669999999998	0.24871999999999872	0.22937999999999903
0.3337459999999979	0.24418000000000006	0.22366999999999848
0.36986399999999975	0.2471569999999943	0.2283819999999963
0.393498000000001	0.2504679999999979	0.23116699999999923
0.3568260000000052	0.247950000000003	0.3151979999999952
0.35187000000000523	0.2530659999999969	0.24446999999999974
0.38214599999999876	0.25721699999999714	0.25059399999999954
0.39308100000000223	0.2590640000000022	0.24665999999999855
0.3882949999999994	0.26161499999999904	0.25170699999999613
0.3959599999999952	0.26246900000000295	0.2568559999999991
0.3855339999999998	0.2795730000000063	0.37252799999999553
0.3837379999999939	0.2754150000000024	0.25811099999999954
0.40365099999999643	0.2826420000000027	0.26820699999999675
0.3877920000000046	0.27398500000000325	0.2697740000000053
0.39442099999999414	0.2820740000000015	0.2706529999999958
0.3969009999999997	0.3068529999999967	0.30183200000000454
0.5707420000000027	0.4023690000000002	0.44565800000000166
0.7309940000000026	0.3665250000000029	0.36820900000000023
0.7038659999999979	0.3170300000000026	0.36341200000000384
0.7276340000000019	0.5034130000000019	0.4701639999999969
0.7329050000000024	0.5283200000000079	0.36122599999998783
0.6078700000000055	0.5236480000000086	0.38806099999999333
0.6296970000000073	0.41389499999999657	0.5190130000000011
0.7698350000000005	0.4686009999999925	0.4120500000000078
0.5297450000000055	0.3886919999999918	0.3173620000000028
0.5350800000000078	0.3483399999999932	0.3106640000000027
0.6309419999999903	0.34588899999999967	0.3165270000000078
0.5359669999999994	0.3404900000000026	0.3036559999999895
0.5390129999999971	0.3431719999999956	0.3103890000000007
0.478785000000002	0.4585390000000018	0.30988800000000083
0.4766090000000105	0.3295310000000029	0.3034470000000056
0.49673500000000104	0.33878099999999733	0.34436099999999215
0.5189570000000003	0.3498970000000128	0.35137899999999433
0.5494079999999997	0.36236799999998937	0.3392300000000006
0.5240730000000013	0.3404589999999956	0.31880999999999915
0.5252100000000013	0.3553280000000001	0.3864410000000049
0.5270919999999961	0.3687930000000108	0.3244279999999975
0.5880889999999965	0.35000700000000506	0.33121500000000026
0.5183490000000006	0.3554230000000018	0.32840799999999604
0.5704560000000072	0.3704409999999996	0.3385200000000026
0.5274619999999999	0.36296500000000265	0.3311869999999999
0.5324120000000079	0.361582999999996	0.3453449999999947
0.5981869999999958	0.49575800000000925	0.36298299999999983
0.6041860000000128	0.4162759999999963	0.33736100000000135
0.5778049999999979	0.3723150000000004	0.33659399999999096
0.5549779999999913	0.4022799999999904	0.34115899999999044
0.6685640000000035	0.43062000000000467	0.38512599999999964
0.9871700000000061	0.6442679999999967	0.6833539999999942
0.7452729999999974	0.3969689999999986	0.42099699999999984
0.616895999999997	0.39901500000000567	0.3620820000000009
0.5819219999999916	0.39610700000000065	0.37052099999999655
0.5927130000000034	0.40244500000000016	0.3881839999999954
0.5961399999999912	0.39978299999999933	0.39997100000000785
0.5816480000000013	0.4213270000000051	0.39692599999999345
0.5807969999999898	0.40804800000000796	0.3891830000000027
0.6606139999999954	0.5054860000000048	0.5942189999999954
0.7574480000000108	0.5262030000000095	0.45212400000001196
0.7623379999999997	0.535925000000006	0.5398929999999922
0.9687270000000012	0.5892909999999745	0.43535499999998706
0.7564360000000079	0.5230099999999993	0.5930100000000209
0.8208840000000066	0.6136479999999835	0.5013120000000129
0.8183700000000158	0.6087349999999958	0.5977279999999894
0.906281000000007	0.6637659999999812	0.6659490000000119
1.0061720000000207	0.617243000000002	0.5953340000000082
0.7972259999999949	0.5777319999999975	0.5285090000000139
0.8182960000000037	0.5921069999999986	0.5760539999999992
0.8062840000000051	0.5198890000000063	0.5443729999999789
0.7891150000000096	0.5406210000000158	0.5540210000000059
0.8439889999999934	0.5129289999999855	0.5484289999999987
0.8993130000000065	0.5796630000000107	0.5295740000000251
0.7327399999999784	0.5473170000000209	0.4944589999999778
0.8097140000000138	0.5247819999999876	0.4780059999999935
0.7725020000000029	0.533143999999993	0.4784909999999911
0.9312219999999911	0.5793159999999773	0.5652670000000057
0.7702930000000094	0.5488720000000171	0.5509670000000142
0.858335000000011	0.5401729999999816	0.5187650000000019
0.8571279999999888	0.5657579999999882	0.5076620000000105
0.8974230000000034	0.6008050000000082	0.5258680000000027
0.8882839999999987	0.5569739999999967	0.515201999999988
0.8524519999999995	0.5459100000000205	0.5383190000000013
0.8197540000000174	0.543089000000009	0.5143430000000251
0.8764030000000105	0.5770009999999957	0.6117670000000146
0.9566250000000025	0.5547390000000121	0.5559920000000034
0.8285440000000222	0.5566359999999975	0.5477579999999875
1.1499419999999816	0.6809179999999913	0.6749010000000055
1.0567219999999793	0.691709000000003	0.5893289999999922
0.9949029999999937	0.7330670000000055	0.7318100000000243
1.0426070000000038	0.6630030000000033	0.6845390000000009
1.0603670000000136	0.6467839999999967	0.6407159999999976
1.0327080000000137	0.6884430000000066	0.6981579999999781
1.0795350000000212	0.8584719999999777	0.7095520000000022
1.0085249999999917	0.7075130000000058	0.6797300000000064
1.1668400000000076	0.742163000000005	0.7706279999999879
1.256777999999997	0.950761	0.9138560000000098
1.0803879999999992	0.5698100000000181	0.5193759999999941
0.8550200000000245	0.7230050000000006	0.5477290000000039
0.8663689999999917	0.6487500000000068	0.6333159999999793
0.818585999999982	0.6885699999999986	0.5938730000000021
0.9388679999999852	0.6027199999999766	0.525745999999998
0.8828739999999868	0.5564749999999776	0.6801829999999995
1.2998339999999757	0.8219749999999806	0.7300660000000221
1.2771469999999852	0.6197050000000104	0.5592390000000194
1.1049820000000068	0.7182020000000193	0.8544049999999856
1.0744569999999953	0.6743120000000147	0.7424500000000194
0.9241010000000074	0.641775999999993	0.6457200000000114
1.0936030000000017	0.5786709999999857	0.580426000000017
0.950665999999984	0.7371739999999818	0.7102399999999989
1.2671080000000075	0.7161710000000028	0.6681250000000034
1.0241370000000245	0.5927609999999959	0.5814659999999776
0.9974330000000009	0.6059020000000146	0.6169219999999882
0.8871939999999654	0.5857770000000073	0.5667419999999765
0.863000999999997	0.5847219999999993	0.6445679999999925
0.8770670000000109	0.6273469999999861	0.5679069999999911
0.8588460000000282	0.5881889999999999	0.5718789999999672
1.1321019999999749	0.7110420000000204	0.947070999999994
1.2781790000000228	0.9287530000000288	0.7430360000000178
1.1791580000000295	0.7830450000000155	0.7503829999999994
1.212288000000001	0.7952899999999659	0.8435489999999959
1.0755770000000098	0.7496460000000411	0.9705599999999777
1.1647330000000125	0.8268209999999954	0.7293809999999894
1.010787999999991	0.6425839999999994	0.5897810000000163
0.9743230000000267	0.6960449999999696	0.6707570000000374
1.07162500000004	0.6558880000000045	0.6240609999999833
0.9968690000000038	0.6251209999999787	0.6205929999999853
1.0231880000000046	0.6281049999999482	0.6588860000000523
0.8885789999999929	0.6356289999999944	0.6346589999999992
0.9462120000000027	0.6480940000000146	0.7103950000000054
1.030655999999965	0.639917999999966	0.6099189999999908
1.037900000000036	0.6475899999999797	0.6143490000000043
0.9910529999999653	0.6636019999999689	0.6312629999999899
1.0127610000000118	0.6584970000000112	0.6339639999999918
1.167951999999957	0.6564560000000483	0.6306369999999788
1.0132060000000251	0.6915430000000242	0.6158449999999789
0.9915699999999674	0.6664440000000127	0.629064000000028
0.9935879999999884	0.675783000000024	0.6457589999999982
1.0219809999999825	0.6655719999999974	0.6263850000000275
0.9784310000000005	0.670426999999961	0.6373760000000175
1.048148000000026	0.6594949999999926	0.629146999999989
1.0630969999999706	0.6808879999999817	0.6396589999999946
1.0874169999999594	0.6811679999999569	0.7081330000000321
1.0934270000000197	0.7043659999999932	0.6380920000000287
1.2657350000000065	0.7368019999999547	0.7246910000000071
1.1099720000000275	0.7893599999999878	0.7160590000000298
1.111263000000008	0.7315670000000409	0.7113729999999805
1.1084809999999834	0.753563999999983	0.6555660000000216
1.0872830000000135	0.7018539999999689	0.6591300000000047
1.1325359999999591	0.7528629999999907	0.7197229999999877
1.079069000000004	0.7389560000000301	0.6520700000000375
1.042504000000008	0.7189099999999939	0.678483999999969
1.1889700000000403	0.739957000000004	0.6638250000000312
1.0439140000000293	0.7276899999999955	0.7153869999999642
1.1153379999999515	0.7086549999999647	0.6788220000000251
1.1119709999999827	0.7269379999999614	0.6804319999999962
1.1198200000000043	0.7379280000000108	0.6925119999999652
1.2067130000000361	0.7543019999999956	0.7182579999999916
1.1757689999999457	0.7913350000000037	0.6931820000000357
1.0900609999999915	0.7882670000000189	0.699231999999995
1.060721000000001	0.7472850000000335	0.7348250000000007
1.2212399999999661	0.7754659999999944	0.7312670000000026
1.1575670000000287	0.7454870000000255	0.8051849999999945
1.2580919999999765	0.7873690000000124	0.7250060000000076
1.1554689999999823	0.8626729999999725	0.7118689999999788
1.2534540000000334	0.7906830000000014	0.7904230000000325
1.0657259999999837	0.7734630000000493	0.7099089999999819
1.2213060000000269	0.8036989999999946	0.7528179999999907
1.1836349999999811	0.8504040000000259	0.7386790000000474
1.3608069999999657	0.9018310000000156	0.7495060000000535
1.206770000000006	0.7603719999999612	0.6962660000000369
1.1851570000000038	0.7785920000000033	0.6982299999999668
1.1904799999999796	0.8848770000000172	0.7699729999999931
1.205904999999973	0.9289180000000101	0.7138649999999984
1.2156709999999862	0.860385000000008	0.7465109999999981
1.20948199999998	0.7713200000000029	0.7173740000000066
1.146111000000019	0.8373849999999834	0.7698190000000409
1.2110079999999925	0.7896139999999718	0.7133569999999736
1.180925000000002	0.7809270000000197	0.7026089999999954
1.3045470000000137	0.7950670000000173	0.746612999999968
1.2250630000000342	0.8001039999999762	0.7093570000000113
1.2267200000000003	0.7974399999999946	0.7571039999999698
1.2813029999999799	0.8533370000000104	0.7323959999999943
1.2583300000000008	0.870127000000025	0.8056259999999611
1.2788960000000316	0.845548000000008	0.8363760000000298
1.3540820000000053	0.8105239999999867	0.74694199999999
1.3036749999999984	0.8036309999999958	0.740222000000017
1.4152129999999943	0.9926019999999767	0.9884169999999699
1.7323519999999917	1.0614719999999807	0.9427510000000439
1.9313900000000217	1.264872999999966	1.0696159999999963
1.5626550000000066	0.9490040000000022	0.8489730000000009
1.3957459999999742	0.8951670000000149	0.9535359999999855
1.4694350000000327	0.8614469999999983	0.7950680000000148
1.429179999999974	0.940840000000037	0.7848299999999995
1.4255450000000565	0.8604899999999134	0.8354190000000017
1.4150720000000092	0.856392000000028	0.789056999999957
1.397320000000036	0.8737580000000662	0.8262459999999692
1.2927899999999681	0.8533509999999751	0.8271689999999126
1.3353079999999409	0.867381000000023	0.9381250000000136
1.3164770000000772	0.8715419999999767	0.8196910000000344
1.359866000000011	0.8928470000000743	0.8354110000000219
1.4048910000000205	0.8835109999999986	0.8208669999999074
1.4021880000000237	0.8830430000000433	0.8180830000000014
1.3216069999999718	0.8847729999999956	0.8343459999999823
1.3532529999999952	0.8755300000000261	0.8389879999999721
1.3398170000000391	0.8857089999999062	0.9320860000000266
1.5191790000000083	1.09050000000002	0.9544700000000148
1.5787279999999555	1.0291390000001002	0.96105799999998
1.5023159999999507	0.9004799999999022	0.8816490000000385
1.489840000000072	0.9877070000000003	0.8863470000000007
1.387377000000015	0.9716710000000148	0.8730780000000777
1.4427709999999934	0.900476000000026	0.9709749999999531
1.3547929999999724	0.920977999999991	0.9413839999999709
1.574118999999996	0.9966060000000425	1.0188100000000304
1.5418859999999768	0.9360290000000759	0.9299730000000181
1.4942570000000615	0.9577229999999872	0.9556589999999687
1.5065220000000181	0.9289140000000771	0.9612970000000587
1.4486459999999397	0.922409000000016	0.9105829999999742
1.401501000000053	0.933035000000018	0.9197589999999991
1.5208039999999983	0.9970529999999371	0.9251880000000483
1.5477280000000064	0.963074000000006	0.8979759999999715
1.4999840000000404	0.9446179999999913	0.9647519999999759
1.5046879999999874	0.9704700000000912	0.9135310000000345
1.4827569999999923	0.9540600000000268	0.9004909999999882
1.4867900000000418	0.9890870000000405	0.9533209999999599
1.5743330000000242	0.9934999999999263	0.9145180000000437
1.596681999999987	1.100292999999965	0.9397670000000744
1.5697809999999208	1.0204870000000028	0.9736299999999574
1.653819999999996	1.0768279999999777	0.976301000000035
1.495435999999927	1.0303149999999732	0.9420529999999872
1.732631000000083	1.046628999999939	0.9717219999999998
1.5408939999999802	1.0583250000000817	0.9833380000000034
1.6444709999999532	0.9748560000000452	0.9035559999999805
1.601900999999998	1.1436879999999974	0.9511149999999589
1.5396590000000288	0.9915379999999914	0.9321179999999458
1.5478090000000293	1.0009350000000268	0.9328749999999673
1.4756549999999606	0.9786440000000312	0.9306060000000116
1.609130999999934	1.0334250000000793	0.99091999999996
1.5092290000000048	0.999196999999981	0.9334709999999404
1.561535000000049	1.022136000000046	0.9525810000000092
1.490566000000058	1.0039950000000317	0.9321109999999635
1.6219389999999976	1.0394140000000789	1.1055539999999837
2.100939999999923	1.3094800000000077	1.2476820000000544
1.9884909999999536	1.3517990000000282	1.15032599999995
2.1812170000000606	1.1484050000000252	1.056416000000013
1.5188510000000406	1.0607780000000275	1.0054460000000063
1.64009800000008	1.0586570000000393	1.1508100000000923
1.6235090000000127	1.044907999999964	1.0014750000000276
1.5244650000000775	1.025812999999971	0.9728870000000143
1.5499220000000378	1.1460220000000163	0.9832400000000234
1.5686970000000429	1.0595329999999876	0.982215999999994
1.5764669999999796	1.112117000000012	0.9867570000000114
1.5348880000000236	1.0320930000000317	0.9752899999999727
1.7062240000000202	1.0726530000000594	1.0062699999999722
1.5864550000000008	1.0381310000000212	1.0354829999999993
1.8303399999999783	1.1825719999999365	1.0404089999999542
1.6746510000000399	1.0616380000000163	0.9937429999999949
1.715063999999984	1.1058919999999262	1.0151959999999463
1.656757999999968	1.5010959999999614	1.389016999999967
2.3428559999999834	1.2436589999999796	1.1352960000000394
1.8504319999999552	1.179222999999979	1.1067669999999907
1.7396350000000211	1.1233459999999695	1.1772640000000365
1.7186629999999923	1.1127599999999802	1.0788009999999986
1.7406550000000607	1.1314879999999903	1.0663710000000037
1.6742510000000266	1.1443800000000692	1.0498719999999366
1.7440920000000233	1.0929109999999582	1.0145989999999756
1.6360670000000255	1.1694539999999733	1.0361669999999776
1.737306999999987	1.1038950000000796	1.039718999999991
1.7041399999999385	1.136763999999971	1.0462760000000344
2.0054890000000114	1.3758699999999635	1.2249890000000505
2.0928890000000138	1.1840120000000525	1.112969000000021
1.8598329999999805	1.3089089999999715	1.2747799999999643
1.7857659999999669	1.1774639999999863	1.0844010000000708
1.9326859999999897	1.1844780000000128	1.0887279999999464
1.9144209999999475	1.164796000000024	1.1444420000000264
1.7854979999999614	1.170521000000008	1.1336089999999786
1.944661999999994	1.2221529999999348	1.1661940000000186
1.8271310000000085	1.1717449999999872	1.204733000000033
1.7862949999999955	1.2332730000000538	1.1487130000000434
1.797456000000011	1.1841949999999315	1.1386270000000422
1.8062009999999873	1.2178910000000087	1.3104550000000472
2.035637999999949	1.226762000000008	1.1625060000000076
1.8123180000000048	1.1840550000000576	1.2825749999999516
1.9191990000000487	1.2317319999999654	1.1777490000000626
2.1303990000000113	1.1684159999999792	1.1822909999999638
1.964670999999953	1.1931140000000369	1.1985120000000506
1.8551459999999906	1.1650869999999713	1.1150189999999611
1.9083140000000185	1.2528509999999642	1.1630699999999479
2.017614999999978	1.6254940000000033	1.3836189999999533
2.064875999999913	1.423509000000081	1.5369719999999916
2.104016999999999	1.296816999999919	1.2403849999999466
2.1655479999999443	1.5981229999999869	1.281472000000008
1.7934960000000046	1.1985550000000558	1.1187969999999723
1.927391000000057	1.331796000000054	1.1454009999999926
1.8856139999999186	1.2222239999999829	1.1257140000000163
1.838418000000047	1.2775380000000496	1.1630370000000312
1.9254819999999881	1.247863999999936	1.1819020000000364
1.7852249999999685	1.2363560000000007	1.158317000000011
1.8798039999999219	1.2071430000000873	1.190020000000004
1.7961710000000721	1.2038989999999785	1.1685079999999743
1.9028919999999516	1.195414000000028	1.1625060000000076
1.947512999999958	1.2071580000000495	1.1578960000000507
2.101218000000017	1.2607289999999693	1.1610450000000583
2.127495000000067	1.3483600000000706	1.2034760000000233
1.9289529999999786	1.2323440000000119	1.154474999999934
2.0826649999999063	1.2403659999999945	1.1816860000000133
1.9756469999999808	1.2262450000000626	1.205316000000039
1.924293999999918	1.2490090000001146	1.2846859999999651
1.833116999999902	1.2512309999999616	1.2017659999999069
2.0013299999998253	1.2915270000000874	1.3004269999998996
2.00047799999993	1.2917099999999664	1.2102749999999105
2.0521530000000894	1.2160400000000209	1.2100009999999202
1.9878389999998944	1.26596399999994	1.2108100000000377
2.096123999999918	1.2694629999998597	1.2920010000000275
1.993880999999874	1.3569680000000517	1.2873449999999593
2.1799550000000636	1.2789540000001125	1.1923920000001544
1.9907200000000103	1.2934430000000248	1.2413010000000213
2.3261799999997947	1.4056479999999283	1.3410620000001927
1.9411000000000058	1.2518840000000182	1.2090729999999894
2.024462000000085	1.275767999999971	1.222090999999864
2.1332290000000285	1.2874219999998786	1.2151879999998982
2.107469999999921	1.3048459999999977	1.225631999999905
2.0285069999999905	1.2633180000000266	1.2171659999999065
1.960745999999972	1.2734310000000733	1.221315999999888
2.0682059999999183	1.2839830000000347	1.2361060000000634
2.1537980000000516	1.2989259999999376	1.238209999999981
2.171077999999852	1.3809209999999439	1.2414370000001327
2.042993000000024	1.326714999999922	1.283871999999974
2.123762999999826	1.6348709999999755	1.6744889999999941
2.8161870000001272	1.5112310000001798	1.3890329999999267
2.1618210000001454	1.4376179999999295	1.282997000000023
2.115980000000036	1.4013410000000022	1.2422549999998864
2.107232999999951	1.293076999999812	1.2574090000000524
2.1665009999999256	1.3189270000000306	1.2978120000000217
2.229400000000169	1.5726150000000416	1.2816780000000563
2.1882110000001376	1.3525879999999688	1.2712719999999536
2.0279199999999946	1.332238999999845	1.3197410000000218
2.0985820000000786	1.3447320000000218	1.2654750000001513
2.1939139999999497	1.326814000000013	1.2698919999997997
2.095062999999982	1.4061199999998735	1.2631079999998747
2.0943700000000263	1.332779999999957	1.3340670000000046
2.119605999999976	1.3773820000001251	1.294638999999961
2.2104190000000017	1.4161770000000615	1.4002920000000358
2.310799999999972	1.3710920000000897	1.2748489999999038
2.0671319999999014	1.3624240000001464	1.3831390000000283
2.198274000000083	1.4174990000001344	1.3630860000000666
2.2781130000000758	1.4587670000000799	1.3494480000001658
2.132417000000032	1.4346679999998742	1.29692399999999
2.231995000000097	1.366361999999981	1.3606640000000425
2.2082090000001244	1.3985070000001087	1.3897269999999935
2.1770500000000084	1.4423970000000281	1.3289270000000215
2.3146549999999024	1.4157950000001165	1.3698259999998754
2.1204380000001493	1.3693540000001576	1.3077240000000074
2.268395000000055	1.4361129999999775	1.3602920000000722
2.2461419999999634	1.4571430000000873	1.530341000000135
2.3766359999999622	1.638729000000012	1.4527960000000348
2.3961839999999484	1.4406060000001162	1.389071999999942
2.146972000000005	1.4544170000001486	1.365297000000055
2.088029000000006	1.4503650000001471	1.3735239999998612
2.135885000000144	1.4047570000000178	1.3319099999998798
2.2852730000001884	1.4032619999998133	1.3198159999999461
2.1419049999999515	1.425181000000066	1.340054999999893
2.1340020000000095	1.414152999999942	1.339059000000134
2.2139119999999366	1.420774000000165	1.3182409999999436
2.060884999999871	1.4197449999999208	1.336753999999928
2.562456999999995	1.9377549999999246	1.697055999999975
3.121746999999914	1.76275499999997	1.687847000000147
2.93435199999999	1.5429470000001402	1.3720650000000205
2.4966699999999946	1.4212009999998827	1.3492060000000947
2.4259510000001683	1.4430100000001858	1.3476329999998597
2.3123900000000503	1.4446020000000317	1.4199409999998807
2.2384609999999157	1.4588309999999183	1.3518329999999423
2.200839999999971	1.4507810000000063	1.351234000000204
2.361761999999999	1.4490749999999935	1.3729399999999714
2.2991089999998167	1.4450180000001183	1.3551709999999275
2.3457049999999526	1.4408169999999245	1.4109310000001187
2.4220980000000054	1.5971859999999651	1.3937250000001313
2.51653999999985	1.650952999999845	1.362395000000106
2.26820500000008	1.5051539999999477	1.412548999999899
2.400184000000081	1.4972499999998945	1.3829200000000128
2.3329059999998663	1.5317159999999603	1.4169059999999263
2.5636489999999412	1.5293550000001233	1.5209580000000642
2.343095000000176	1.4907790000002024	1.428094000000101
2.2993260000000646	1.516454000000067	1.4275810000001457
2.525846999999885	1.5213320000000294	1.3918559999999616
2.469526000000087	1.480307000000039	1.4218110000001616
2.622378000000026	1.62537999999995	1.486788999999817
2.572146999999859	1.6444079999998849	1.4836259999999584
2.4772979999997915	1.5700910000000476	1.514013999999861
2.616839999999911	1.5920719999999164	1.4234599999999773
2.572424999999839	1.525476000000026	1.4539720000000216
2.468642999999929	1.5079259999999977	1.4296650000001137
2.226707000000033	1.5000190000000657	1.3935169999999744
2.383980000000065	1.516697000000022	1.4314530000001469
2.4008349999999155	1.4980060000000321	1.4075849999999264
2.2951100000000224	1.50023699999997	1.536743000000115
2.3706539999998313	1.6181370000001607	1.550088000000187
2.4153519999999844	1.5662620000000516	1.4223429999999553
2.4171819999999116	1.55237000000011	1.5671709999999166
3.4538339999999152	2.120065000000068	1.7657759999999598
3.0858089999999265	1.9073439999999664	1.663440000000037
2.5331229999999323	1.6018200000000888	1.531402000000071
2.7592120000001614	1.573174999999992	1.4991979999999785
2.4841069999999945	1.5416829999999209	1.4430389999999989
2.485010999999986	1.564719999999852	1.4956589999999323
2.4064129999999295	1.5641470000000481	1.4443479999999909
2.481580000000122	1.6263120000000981	1.4967850000000453
2.4113250000000335	1.5596709999999803	1.46645999999987
2.3826140000001033	1.6618079999998372	1.5132830000000013
2.5514069999999265	1.6530359999999291	1.6616869999998016
2.542746999999963	1.5801770000000488	1.4756180000001677
2.5085889999998017	1.578751999999895	1.5410790000000816
2.6397910000000593	1.5919420000000173	1.4624919999998838
2.5406970000001365	1.5851130000000921	1.4850530000001072
2.6009579999999914	1.6042979999999716	1.5019350000000031
2.570934999999963	1.6445479999999861	1.487233999999944
2.5598349999997936	1.6170939999999518	1.5415140000000065
2.438968000000159	1.6073200000000725	1.582433999999921
2.6151350000000093	1.7073169999998754	1.5654149999998026
2.7923319999999876	1.692152999999962	1.5348050000000057
2.5477069999999458	1.665659000000005	1.520089999999982
2.5108500000001186	1.6126779999999599	1.6117390000001706
2.5705729999999676	1.6585609999999633	1.4778559999999743
2.7538419999998496	1.6149319999999534	1.5427900000001955
2.4414500000000317	1.6254079999998794	1.4995320000000447
2.618703000000096	1.6051520000000892	1.480639999999994
2.5201730000001135	1.6036830000000464	1.5770829999999023
2.5904099999997925	1.6454080000000886	1.525568999999905
2.765867000000071	1.69763399999988	1.5779459999998835
2.597340999999915	1.696903999999904	1.477154000000155
2.5983750000000327	1.9396550000001298	2.1167299999999614
3.767033000000083	1.9619410000000244	1.6698129999999765
3.204625999999962	1.6999359999999797	1.520187999999962
2.659783999999945	1.6971220000000358	1.5211950000000343
2.55012499999998	1.641149999999925	1.54458499999987
2.7785859999999047	1.6544209999999566	1.522467000000006
2.6565650000000005	1.7295619999999872	1.489135000000033
2.699762999999848	1.6654759999998987	1.5184269999999742
2.6196400000001177	1.6769549999999072	1.525344000000132
2.5768209999998817	1.6753989999999703	1.5023490000000947
2.566538000000037	1.6600439999999708	1.5102969999998095
2.5745849999998427	1.7976310000001376	1.5126900000000205
2.7416849999999613	1.7070209999999406	1.67703500000016
2.988839999999982	1.758792000000085	1.5797589999999673
2.675901000000067	1.693454999999858	1.5314089999999396
2.67177300000003	1.7444499999999152	1.6077429999998003
2.640521999999919	1.8099939999999606	1.569208000000117
2.70856300000014	1.713055999999824	1.5637050000000272
2.682996000000003	1.8111559999999827	1.5321440000000166
2.6597110000000157	1.7043340000000171	1.543369999999868
3.024067999999943	1.9450419999998303	1.6636049999999614
2.6722090000000662	1.9816289999998844	1.7116280000000188
3.046092000000044	1.7749340000000302	1.5727660000000014
2.6490000000001146	1.7207390000000942	1.6803859999999986
2.598801000000094	1.7341740000001664	1.6117839999999433
2.543965000000071	1.714874000000009	1.5697539999998753
2.630278999999973	1.69963400000006	1.579296000000113
2.729871000000003	1.7008059999998295	1.5819469999999
2.7670360000001892	1.7266169999998056	1.5889930000000732
2.648388000000068	1.7173130000001038	1.6032239999999547
2.764228000000003	2.126639999999952	2.082249000000047
3.9244320000000243	2.0277260000000297	1.9340809999998783
2.774392999999918	1.8031419999999798	1.678190000000086
2.7772999999999683	1.8098199999999451	1.6288240000001224
2.8316540000000714	1.7332409999999072	1.736033000000134
2.7617559999998775	1.8150900000000547	1.696023999999852
2.7084330000000136	1.7613059999998768	1.7014859999999317
2.866498999999976	1.799780999999939	1.6309490000001006
2.715388000000303	1.7529600000002574	1.6510360000002038
2.8725399999998444	1.7841209999996863	1.6823989999998048
2.983107000000018	1.7934300000001713	1.6813549999997122
2.967290999999932	1.8062360000003537	1.803099000000202
2.9773489999997764	1.9852049999999508	1.8944950000000063
2.9706309999996847	1.8071319999999105	1.744144000000233
2.8814290000000256	1.908715999999913	1.7231590000001233
2.907538999999815	1.7755770000003395	1.7606000000000677
2.8640449999998054	1.8013880000003155	1.7167059999997036
2.8400950000000194	1.889173000000028	1.68147799999997
2.932046999999784	1.8054140000003827	1.690360999999939
3.0536369999999806	1.8334819999995489	1.7222160000001168
3.0190239999997175	1.9324129999999968	1.803859999999986
2.7656449999999495	1.901738000000023	1.7824780000000828
2.801205000000209	1.7981850000001032	1.6957460000003266
2.930713000000196	1.7956779999999526	1.6733079999999063
2.727161000000251	1.7961339999997108	1.7850399999997535
2.8367099999995844	1.815313999999944	1.797925999999734
2.8497400000001107	1.7931229999999232	1.6925089999999727
2.910395000000335	1.832049999999981	1.7010540000001129
2.904030000000148	2.104367999999795	2.3903150000001006
3.873319999999694	2.3212710000002517	2.279052999999749
3.1040149999998903	1.9614189999997507	2.21808400000009
2.966566000000057	1.8293810000000121	1.821512999999868
2.81713899999977	1.9130989999998746	1.7296299999998155
3.0653290000000197	1.9716359999997621	1.7252560000001722
3.3000159999996868	1.8554779999999482	1.765096000000085
2.988028999999642	1.8685560000003534	1.7620629999996709
3.025014000000283	1.917627999999695	1.806597000000238
3.0955129999997553	1.9793399999998655	1.8211080000000948
3.144051999999647	1.9908399999999347	1.8509000000003653
2.930209999999988	1.8516899999999623	1.889756000000034
3.053929000000153	1.884457999999995	1.8671770000000834
2.9751940000001014	1.8919929999997294	1.767765000000054
3.048271999999997	1.926003000000037	1.8499889999998231
2.9564049999999042	1.9113170000000537	1.8361730000001444
3.095358000000033	2.0012509999996837	1.9698620000003757
3.2125190000001567	2.017233000000033	1.8840319999999338
3.0868090000003576	2.072569999999814	1.9030870000001414
3.1903070000003027	2.108752999999979	1.9993030000000545
3.1428170000003774	1.9435490000000755	1.8656819999996515
3.2066939999999704	1.9329329999995934	1.8382330000004004
3.01844600000004	1.9615680000001703	1.8778689999999187
2.9026229999999487	1.8979389999999512	1.8167859999998655
3.176034999999956	2.017761999999948	1.9287030000000414
3.1473299999997835	1.924771999999848	1.8591350000001512
3.088565000000017	1.986938999999893	2.626390999999785
4.134988999999678	2.4133660000002237	1.9532540000000154
3.124123999999938	2.1774219999997513	1.8537970000002133
2.928519000000051	2.047223000000031	1.9026499999999942
3.290813999999955	2.0655040000001463	1.859353999999712
3.000644000000193	1.9635690000000068	1.934501000000182
3.114282000000003	1.9631869999998344	1.848540999999841
3.0576310000001286	2.043738999999732	1.8223069999999097
3.0449439999997594	1.9370269999999437	1.818224999999984
3.2030389999999898	2.029167000000143	1.8638059999998404
3.150677000000087	1.9897280000000137	1.929997000000185
3.1469469999997273	2.175104999999803	2.0359730000000127
3.2485099999998965	2.0208510000002207	1.8737670000000435
3.146676000000298	2.0854919999997037	1.8858869999999115
3.1427740000003723	2.102096000000074	1.914216000000124
2.9914229999999407	2.048313999999664	1.942117000000053
3.42031199999974	1.9952140000000327	1.9016850000002705
3.1534489999999096	2.04542900000024	1.9413919999997233
3.24068299999999	2.095941000000039	1.8742259999999078
3.3620489999998426	2.08538899999985	1.858788000000004
3.1484310000000733	1.9579539999999724	1.8644930000000386
3.285606000000371	1.991215000000011	1.8532129999998688
3.0933930000001055	2.026911999999811	1.8634210000000166
3.3631289999998444	2.0061180000002423	1.8428940000003422
3.011341999999786	1.9912490000001526	1.8644640000002255
3.000622000000021	2.207839000000149	1.9773290000002817
3.4082830000002104	2.313032999999905	2.4536699999998746
4.402490999999827	2.733530999999857	2.1999550000000454
3.498359000000164	2.1182550000003175	2.0506070000001273
3.7005479999997988	2.1445559999997386	1.891826999999921
3.682438999999704	2.1008819999997286	2.097596000000067
3.4995429999999033	2.0590119999997114	2.029696000000058
3.0596009999999296	2.145661999999902	1.9001389999998537
3.3826759999997194	2.0190279999997074	1.9394649999999274
3.5863680000002205	2.4599640000001273	2.1500630000000456
3.6383820000000924	2.497697000000244	2.0871729999998934
3.487865000000056	2.068916999999601	1.951919000000089
3.39636500000006	2.0641669999999976	2.010275999999976
3.3500340000000506	2.0632180000002336	1.9896610000000692
3.307777999999871	2.202491000000009	1.932502999999997
3.316867000000002	2.144104999999854	2.0266200000000936
3.395535999999993	2.2195019999999204	2.1073519999999917
3.4665279999999257	2.1530750000001717	1.9715540000001965
3.4800990000003367	2.201600000000326	2.1240869999996903
3.5156010000000606	2.0908360000003086	1.9996980000000804
3.4272750000000087	2.086236000000099	1.942199999999957
3.3454900000001544	2.137739000000238	1.9402909999998883
3.3460759999998118	2.068083999999999	1.958292000000256
3.3295749999997497	2.2676530000003368	2.0742020000002412
3.368949000000157	2.2603519999997843	1.9886120000001029
3.381789000000026	2.661609000000226	2.4829420000000937
4.08490699999993	2.2457460000000538	2.469006999999692
3.610862999999881	2.125622999999905	2.25463899999977
4.156462999999803	2.112952999999834	2.102484999999888
3.6946210000000974	2.386438999999882	1.9695379999998295
3.3270110000003115	2.211471999999958	2.1057830000004287
3.395759999999882	2.143235999999888	2.038130000000365
3.438641000000189	2.207636000000093	2.037437999999838
3.5293759999999565	2.1725499999997737	2.049072000000251
3.477473999999802	2.22454499999958	2.0818159999998898
3.6103840000000673	2.286622999999963	2.212760999999773
3.60774100000026	2.24736699999994	2.0439970000002177
3.5652729999997064	2.149257999999918	2.099138999999923
3.506883000000016	2.256949000000077	2.058871000000181
3.4325800000001436	2.2413289999999506	2.263136999999915
3.464911999999913	2.174778999999944	2.021987000000081
3.5460589999997865	2.6726739999999154	2.7697259999999915
3.6432199999999284	2.303748000000269	2.060519000000113
3.632351000000199	2.219916999999896	2.1245129999997516
3.607036999999764	2.2178979999998774	2.1219449999998687
3.702632999999878	2.2161559999999554	2.086663000000044
3.637333000000126	2.2259149999999863	2.104874000000109
3.516489999999976	2.2921079999996437	2.20437899999979
4.4623029999997925	2.987623999999869	2.9567040000001725
4.219909000000371	2.6000810000000456	2.245914999999968
3.5976369999998496	2.1744950000002063	2.102625999999873
3.5107809999999517	2.417152999999871	2.140776000000187
3.753479999999854	2.2369770000000244	2.096531000000141
3.793055000000095	2.1797350000001643	2.1970879999998942
3.5011749999998756	2.175724999999602	2.1301619999999275
3.6762910000002194	2.2945009999998547	2.2229910000000928
3.5643890000001193	2.3046439999998256	2.147219999999834
3.800289000000248	2.404617000000144	2.1590909999999894
3.5750410000000556	2.3410469999998895	2.0999860000001718
3.7169370000001436	2.292805000000044	2.262202999999772
3.6621680000002925	2.3001500000000306	2.1336339999998017
3.652994000000035	2.495162000000164	2.156786000000011
3.509411999999884	2.2012729999996736	2.090110999999979
3.6446380000002137	2.378216000000066	2.2691909999998643
4.027860000000146	2.3274819999996907	2.1386109999998553
3.5998380000000907	2.2507259999997586	2.1599879999998848
3.4569970000002286	2.3177389999996194	2.1211270000003424
3.479425999999876	2.230456000000231	2.1148889999999483
3.5337219999996705	2.3185499999999593	2.168847000000369
3.5465469999999186	2.2687459999997373	2.160143000000062
3.986351999999897	3.224441000000297	3.11908399999993
4.015855999999985	2.711644999999862	2.414071000000149
3.561221000000387	2.2619250000002467	2.1992960000002313
3.6493970000001354	2.5498399999996764	2.2340910000002623
3.736874000000171	2.4293769999999313	2.159371000000192
3.554080999999769	2.290265999999974	2.1559839999999895
3.611746000000039	2.316544999999678	2.1621000000000095
3.800694999999905	2.3980179999998654	2.3247910000000047
3.851314000000002	2.2892570000003616	2.298381000000063
3.7764109999998254	2.2767260000000533	2.1631310000002486
3.7972310000000107	2.3827000000001135	2.1606119999996736
3.614773000000241	2.3234419999998863	2.222266999999647
3.696056000000226	2.287354999999934	2.17307000000028
3.7745899999999892	2.4005239999996775	2.264676999999665
3.818775000000187	2.3776859999998123	2.2761140000002342
3.7295719999997345	2.6356660000001284	2.247171999999864
3.825467000000117	2.338912000000164	2.2507980000000316
3.810009999999693	2.326636000000235	2.2605039999998553
3.6163259999998445	2.311406000000261	2.1664730000002237
3.765066000000388	2.3169659999998657	2.283266999999796
3.7164889999999104	2.4598809999997684	2.2381600000003345
3.7883630000001176	2.2837469999999485	2.2879430000002685
4.748279999999795	2.9505950000002485	3.142163999999866
4.534785000000284	2.5334889999999177	2.476096999999754
3.7437549999999646	2.8259510000002592	2.3767149999998765
4.273468000000321	2.584292000000005	2.2164780000002793
4.255756999999903	2.4870489999998426	2.24726899999996
3.869058000000223	2.5720140000003084	2.3224009999999
3.612373000000389	2.4315550000001167	2.7972289999997884
4.011195999999927	2.3458529999998063	2.5384290000001783
3.857362999999623	2.4468769999998585	2.302973000000293
4.002451999999721	2.419398000000001	2.369774000000234
3.973627999999735	2.4354589999998097	2.2747709999998733
3.9208630000002813	2.419669999999769	2.30471099999977
3.944916000000376	2.573645999999826	2.5433780000003026
4.018650999999863	2.4361140000000887	2.3787830000001122
3.994854000000032	2.4036740000001373	2.3827369999999064
4.574569999999767	2.4835119999997914	2.403399000000263
3.9205669999996644	2.441077000000405	2.2717539999998735
3.7639789999998357	2.49077699999998	2.272715999999946
3.9161890000000312	2.4897839999998723	2.4868750000000546
4.1135959999996885	3.40858500000013	2.2780500000003485
4.04320800000005	2.769636999999875	2.945541999999932
5.829928000000109	3.1856480000001284	2.590360000000146
3.9571280000000115	3.0218650000001617	2.4450000000001637
3.920295000000351	2.4589639999999235	2.3792640000001484
4.065272000000277	2.452988000000005	2.382592000000386
3.9948789999998553	2.4842209999997067	2.3283839999999145
3.851426000000174	2.4850830000000315	2.3966409999998177
4.069556999999804	2.6271919999999227	2.4540470000001733
4.09185000000025	2.644623000000138	2.4543570000000727
4.062789000000066	2.454355999999734	2.3638089999999465
3.931322000000364	2.4686029999998027	2.3859870000001138
3.9743170000001555	2.6071649999998954	2.4117040000000998
3.929113999999572	2.502679000000171	2.44070099999999
4.019753999999921	2.5861500000000888	2.498646000000008
3.8792849999999817	2.534411999999975	2.697614000000158
3.9857090000000426	2.4905469999998786	2.4341569999996864
3.8771630000001096	2.53765599999997	2.3426829999998517
3.980246999999963	2.47974400000021	2.340752000000066
3.8680060000001504	2.4870569999998224	2.5063279999999395
4.0478360000001885	2.564014000000043	2.3570920000001934
3.9689009999997324	2.6364159999998265	3.0899789999998575
5.381664000000001	2.768771999999899	2.7801449999997203
4.03570499999978	2.7541730000002644	2.4999509999997827
4.037866000000122	2.5811509999998634	2.587427999999818
4.042389000000185	2.539737999999943	2.384045000000242
4.097475999999915	2.4776170000000093	2.513368000000355
3.9067989999998645	2.439068000000134	2.367758999999751
3.918847999999798	2.5157650000001013	2.464093000000048
3.98804999999993	2.7029120000001967	2.471001999999771
4.259089000000131	2.5061930000001666	2.515935000000354
3.9921839999997246	2.5525799999995797	2.435508000000027
4.0316499999999	2.829533000000083	2.6358690000001843
4.136203999999907	2.5365069999998013	2.426046999999926
4.1092570000000705	2.558723999999984	2.5030149999997775
4.250954999999976	2.7802029999998012	2.5695559999999205
4.024261999999908	2.526412000000164	2.4174379999999474
3.998953000000256	2.4860850000000028	2.4136429999998654
4.052704000000176	2.526354000000083	2.4177310000000034
4.016930000000684	2.528357000000142	2.4176470000002155
4.061967999999979	2.5487739999998666	2.4162900000001173
4.162773000000016	3.033360999999786	2.710508999999547
5.345185000000129	3.0372470000002068	2.7811240000000907
4.407669000000169	2.559860999999728	2.528201000000081
4.166936999999962	2.6802050000005693	2.486344000000827
4.137206000000333	2.5561289999996006	2.449714000000313
4.420619000000443	2.5356540000002497	2.500230999999985
4.147484000000077	2.6310880000000907	2.4520990000000893
4.098404000000301	2.6489440000004834	2.550833999999668
4.094839999999749	2.6312880000004952	2.4786599999997634
4.197635999999875	2.6304399999999077	2.485062000000653
4.340307999999823	2.6669019999999364	2.468590000000404
4.161503999999695	2.6585180000001856	2.5577359999997498
4.383450000000266	2.651466999999684	2.5610270000006494
4.059588999999505	2.6001909999995405	2.5661380000001373
4.233637999999701	2.775485000000117	2.828816000000188
4.12652799999978	2.620198999999957	2.536420000000362
4.0259500000001935	2.5814310000005207	2.4874650000001566
4.077626999999666	2.571578000000045	2.5305850000004284
4.159593000000314	2.5673369999994975	2.4755439999999
4.2889240000004065	2.5922120000004725	2.4782850000001417
4.422955000000002	3.4035820000008243	3.409969000000274
4.737532000000101	2.745506999999634	2.6618619999999282
4.660950000000412	2.759052999999767	2.713130000000092
4.031361999999717	2.6733380000005127	2.5702949999995326
4.375682000000779	2.6301370000001043	2.529262000000017
4.189774000000398	2.713778999999704	2.6258170000000973
4.42795599999954	2.6293670000004568	2.6825559999997495
4.227111999999579	2.642160000000331	2.6133890000000974
4.641552000000047	2.8050130000001445	2.557176000000254
4.180097000000387	2.7453919999998107	2.758784999999989
4.09521500000028	2.69701299999997	2.568532999999661
4.293542999999772	2.6967899999999645	2.664053999999851
4.332687000000078	2.679502999999386	2.645229000000654
4.383049999999457	2.9420420000005834	2.7617669999999634
4.2902610000001005	2.8216370000000097	2.566109999999753
4.430193999999574	2.6689870000000155	2.6012840000003052
4.126376000000164	2.638491000000613	2.53893700000026
4.374249999999847	2.6577130000005127	2.576035000000047
4.124123999999938	2.6434559999997873	2.6373750000002474
4.975287000000208	3.6045020000001387	3.182781999999861
5.115808999999899	2.840408000000025	2.694322999999713
4.6104880000002595	2.652813000000606	2.5682409999999436
4.530260000000453	2.637985000000299	2.6963299999997616
4.397576999999728	2.6888189999999668	2.5712210000001505
4.408227999999326	2.6751539999995657	2.5647259999996095
4.502336000000469	2.8906430000006367	2.798761000000013
4.261020999999346	2.816555000000335	2.6702769999992597
4.186077000000296	2.676031000000876	2.6633840000004056
4.387910000000375	2.7753529999999955	2.6267430000007153
4.572170999999798	2.784947000000102	2.7590110000001005
4.373524999999972	2.858032000000094	2.7154780000000756
4.682290000000648	2.7889640000003055	2.765574000000015
4.421403000000282	2.9386050000002797	2.6693310000000565
4.3040579999997135	2.9027500000001965	2.6422480000001087
4.246656999999686	2.736743000000388	2.6285719999996218
4.394561000000067	2.751618000000235	2.6154349999997066
4.518442999999934	2.8489309999995385	2.7115859999994427
4.3743890000005194	2.777263999999377	3.414549999999508
6.735975999999937	3.1615649999994275	2.867113000000245
4.67703100000017	2.9570700000003853	3.143685000000005
4.8090940000001865	2.8861049999995885	2.628426999999647
4.610225999999784	2.96054599999934	2.7123549999996612
4.749998000000232	2.84957200000008	2.6822799999999916
4.667599999999766	2.808168000000478	2.8598979999997027
4.7041589999998905	2.803091000000677	2.7271340000006603
4.402462000000014	2.9077780000006896	2.696501999999782
4.595691999999872	2.816131999999925	2.7571319999997286
4.50068199999987	2.8599380000005112	2.7804239999995843
4.624767999999676	2.934696000000258	2.7545850000005885
4.709985999999844	3.0213510000003225	2.8935199999996257
4.850472000000082	3.1973539999999048	2.747918000000027
4.450751000000309	2.8694890000006126	2.6730450000004566
4.5489159999997355	2.7949979999993957	2.710015999999996
4.5288769999997385	2.893287999999302	2.781554999999571
4.70594600000004	2.74971000000005	2.6341059999995196
5.200648000000001	3.7854710000001432	3.5490099999997256
5.303560999999718	2.989295000000311	2.6842259999993985
4.627755999999863	2.948327000000063	2.6982379999999466
4.439982999999302	2.8535609999998996	2.8557459999992716
4.478715999999622	2.819482999999309	2.6613029999998616
4.681797000000188	2.8406689999992523	2.742787000000135
4.795860999999604	3.0375050000002375	2.874829999999747
4.667588000000251	2.807843999999932	2.812246000000414
4.555728000000272	2.963502000000517	2.742443000000094
4.752051999999821	2.9157050000003437	2.846603999999388
4.777517000000444	2.9304489999994985	2.785544999999729
4.727493999999751	3.0633420000003753	2.8064929999991364
4.639812000000347	3.032546000000366	2.9193279999999504
4.739140000000589	2.9341349999995145	2.825178000000051
4.514624000000367	2.8278049999998984	2.74521999999979
4.591207000000395	2.8621439999997165	2.722182999999859
4.486053999999967	2.927230000000236	2.8958229999998366
4.77250499999991	2.8548329999994166	3.2705089999999473
5.953020999999353	3.498603000000003	3.1718799999998737
4.998537000000397	3.0319199999994453	2.856405999999879
4.825361999999586	3.0124510000005102	2.826771999999437
4.743113999999878	2.914973999999347	2.72964200000024
4.87806399999954	2.902766999999585	2.7098509999996168
4.715468999999757	3.0214029999997365	2.9819589999997334
4.632709999999861	2.9269249999997555	2.8398329999999987
4.727813999999853	2.9855149999993955	2.8412749999997686
4.995166000000609	2.975254999999379	2.788187000000107
4.6942860000008295	2.9991909999998825	2.8222530000002735
4.881513999999697	3.1318819999996776	2.9957400000002963
5.106402999999773	3.2293299999992087	2.930464999999458
5.076911999999538	2.932659000000058	2.763358000000153
4.92238400000042	2.9735179999997854	2.7486699999999473
4.455087000000276	2.982156000000032	2.751351999999315
4.83623500000067	3.0690499999991516	2.826332999999977
4.507920000000013	2.9550749999998516	3.229801999999836
6.148742000000311	3.6299330000001646	3.4836169999998674
4.914788000000044	2.979685999999674	2.895860999999968
4.917250999999851	2.955439999999726	2.790382999999565
4.854017000000567	2.9642159999993964	2.887127999999393
5.104389000000083	2.897305999999844	2.8064510000003793
4.823725999999624	3.175978000000214	2.8959679999998116
4.878067999999985	3.1760170000006838	2.8129909999997835
4.807906000000003	3.32739600000059	2.968192000000272
5.021888000000217	3.012789999999768	2.929670999999871
4.71914199999992	3.0207130000007965	2.8324499999998807
4.980993000000126	2.9975610000001325	2.9211829999994734
4.8095039999998335	3.1110029999999824	2.9094209999993836
4.909708000000137	3.108161000000109	3.1103280000006635
4.882626000000528	3.217046000000664	2.7928020000008473
5.180439000000661	2.9471119999998336	2.8519689999993716
4.660968000000139	2.9567360000000917	2.7555309999997917
4.90476099999978	3.1379729999998744	3.7657130000006873
6.356933000000026	3.6157030000003942	3.1353909999997995
4.9003929999998945	3.061620000000403	2.8272249999999985
4.805479999999989	3.1247360000006665	2.93007900000066
4.718058999999812	3.111163000000488	2.9403290000000197
4.779475000000275	3.0922019999998156	2.8038079999996626
5.201850999999806	3.3453740000004473	2.9675999999999476
5.056525999999394	3.122127000000546	2.889785000000302
5.161387000000104	3.0957560000006197	2.9054620000006253
5.091127000000597	3.1249449999995704	2.829729000000043
5.051018000000113	3.064067999999679	3.008267999999589
5.550249999999323	3.1780769999995755	3.040060999999696
4.997126999999637	2.9810029999998733	2.874080999999933
4.750330999999278	3.0532810000004247	2.7874590000001263
4.62751500000013	3.0014380000002348	2.8014090000006036
4.756066999999348	2.9779829999997673	2.9484009999996488
5.272180999999364	3.0669840000000477	2.8555089999999836
5.727464999999938	3.5365560000000187	3.465476999999737
6.686580000000504	3.339677999999367	3.085949000000255
5.051003999999921	3.044491999999991	2.900097000000642
4.981284999999843	3.062380000000303	2.9325679999992644
5.255717000000004	3.0431420000004437	2.880019000000175
5.579150000000482	3.3890220000002955	2.9836599999998725
5.382252999999764	3.1715910000002623	2.8868499999998676
5.451876000000084	3.159495999999308	2.9693859999997585
5.127352000000428	3.2730639999999767	2.9322459999993953
5.091769000000568	3.1723920000004	2.9572679999992033
5.468525999999656	3.2950989999999365	2.9983919999995123
5.795224000000417	3.2019280000004073	2.9115979999996853
4.959791999999652	3.0579539999998815	2.852179999999862
4.786014999999679	3.041451999999481	2.8800660000006246
4.964896999999837	3.0790930000002845	3.1217130000004545
5.18763300000046	3.1684049999994386	2.884205000000293
6.189933000000565	3.914781999999832	3.833958000000166
6.542583000000377	3.4905509999998685	2.978229999999712
4.906269000000066	3.211084999999912	3.0534020000004602
5.154629000000568	3.133128000000397	2.942579999999907
5.311885999999504	3.154538999999204	2.911921999999322
5.231769999999415	3.2983690000000934	3.2500049999998737
5.415282999999363	3.2370099999998274	3.048996999999872
5.433820999999625	3.225268000000142	3.025917999999365
5.395717999999761	3.2694719999999506	3.0043070000001535
5.111335000000508	3.2143170000008467	3.3265110000002096
5.474420000000464	3.1909310000000914	3.027560999999878
5.591153000000304	3.1578640000007	2.972737000000052
5.037686000000576	3.1414009999998598	2.9786340000000564
4.900158000000374	3.1952860000001237	2.904961000000185
4.977171999999882	3.227245000000039	3.158744999999726
5.130012999999963	3.2343300000002273	2.9758469999997033
6.903694999999971	3.5170119999993403	3.7264439999999013
5.220978000000287	3.3457980000002863	3.2711660000004485
5.090643999999884	3.238947000000735	3.0682159999996657
5.104526000000078	3.1353569999992033	3.0149509999992006
5.096048999999766	3.1862150000006295	3.011441999999988
5.112798000000112	3.2034340000000157	3.1404640000000654
5.405118000000584	3.4463859999996203	3.0887069999998857
5.104178999999931	3.254895000000033	3.023605999999745
5.392603000000236	3.2254009999996924	2.9876860000003944
5.43111399999998	3.234221000000616	3.1175640000001295
5.228339999999662	3.419625000000451	3.3408610000005865
5.611613000000034	3.27212099999997	3.091754000000037
5.223146999999699	3.218886999999995	2.966417999999976
5.077640000000429	3.178515000000516	2.9530260000001363
5.0393609999991895	3.2068129999997836	2.9820639999998093
5.1137760000001435	3.702979000000596	3.679235999999946
6.243120999999519	4.101375000000189	3.097987999999532
5.2786669999995866	3.2767770000000382	2.9869070000004285
5.304261000000224	3.236934999999903	3.019797999999355
5.422328000000562	3.1797399999995832	2.9987469999996392
5.478876999999557	3.3740310000002864	3.1914170000000013
5.528505999999652	3.3427819999997155	3.1124030000000857
5.294753000000128	3.4223839999995107	3.2028440000003684
5.481873000000633	3.260765999999421	3.248336000000563
5.017649999999776	3.347404999999526	3.242033999999876
5.419518000000608	3.39391599999999	3.1810310000000754
5.490678999999545	3.349765999999363	2.996669000000111
5.087583999999879	3.210794999999962	3.0897759999998016
5.212241000000176	3.2136150000005728	3.010827000000063
5.12634799999978	3.342467999999826	3.0731070000001637
5.55824500000017	3.430362000000059	3.0886880000007295
6.119376999999986	3.947809999999663	3.660578999999416
5.999839000000065	3.405522000000019	3.2258199999996577
5.22998699999971	3.2976739999994606	3.056086000000505
5.29620100000011	3.2444219999997586	3.04968800000006
5.249894999999924	3.2575010000000475	3.0726260000001275
5.723393999999644	3.4904979999992065	3.1585280000008424
5.218803000000662	3.2881710000001476	3.045429000000695
5.122301000000334	3.239966000000095	3.0526049999998577
5.316274000000703	3.2492209999991246	3.0622659999999087
5.03522299999986	3.3512080000000424	3.178823999999622
5.420211999999992	3.2753560000001016	3.1374600000008286
5.505623000000014	3.2624260000002323	3.035675000000083
5.383686000000125	3.254587999999785	3.0290610000001834
5.568334999999934	3.294278999999733	3.033672999999908
5.615170000000035	3.4840699999995195	3.06948199999988
5.740174000000479	3.4338800000004994	4.101180000000568
6.65443199999936	3.5816939999995157	3.360020000000077
5.773785000000316	3.3552559999998266	3.163587000000007
5.526974000000337	3.449000000000524	3.0575100000005477
5.936891000000287	3.3201329999992595	3.137619000000086
5.535813999999846	3.5936490000003687	3.2296770000002653
